nama_file,mean_gray,std_gray,mean_laplacian,std_laplacian
contoh1.jpg,110.90525069286974,87.81990319094245,17.02045351473923,26.618005486333203
contoh1.jpg,110.90525069286974,87.81990319094245,17.02045351473923,26.618005486333203
contoh1.jpg,110.90525069286974,87.81990319094245,17.02045351473923,26.618005486333203
contoh1.jpg,110.90525069286974,87.81990319094245,17.02045351473923,26.618005486333203
contoh1.jpg,110.90525069286974,87.81990319094245,17.02045351473923,26.618005486333203
contoh1.jpg,110.90525069286974,87.81990319094245,0.46252003986963225,1.0952015687633374,2.538868385630719,2.890066665770803,5.612429227933409,3.4837130147367135,6.327599151229896,0.6547621922262735
contoh1.jpg,110.90525069286974,87.81990319094245,0.6547621922262735,0.46252003986963225,1.0952015687633374,2.538868385630719,2.890066665770803,5.612429227933409,3.4837130147367135,6.327599151229896
contoh1.jpg,110.90525069286974,87.81990319094245,0.6547621922262735,0.46252003986963225,1.0952015687633374,2.538868385630719,2.890066665770803,5.612429227933409,3.4837130147367135,6.327599151229896
