filename,lbp_0,lbp_1,lbp_2,lbp_3,lbp_4,lbp_5,lbp_6,lbp_7,lbp_8,lbp_9,contrast,dissimilarity,homogeneity,energy,correlation,ASM,label
contoh1.jpg,0.02173869845957797,0.06473919522971208,0.029766517634778607,0.10374565325178846,0.24457029309002343,0.22086438151573046,0.067600596123843,0.07193243914412455,0.09049180327689038,0.0845504222536602,103.23331737864464,4.603944796777153,0.42649044949421844,0.036407486048575285,0.9837960583824483,0.001325505040377204,kertas
